제목,유형,링크
github 연동하는 법,git,https://webstoryboy.co.kr/1966
JSX 문법 알아가기,react,https://www.codeit.kr/topics/getting-started-with-react/lessons/4649
Props 정리,react,
react link 사용법,react,https://www.codeit.kr/topics/building-a-website-with-react/lessons/5107
State 란 ?,react,
각 페이지 제목 바꾸는 법(react-helmet 사용하는 법),react,
리액트 SE0 설정하기 (react-helmet-async 사용하는법),react,
리액트 컴포넌트 문법,react,
리액트 페이지 컴포넌트 만들기,react,https://webstoryboy.co.kr/1969
리액트 프로젝트 생성하고 빌드하기,react,https://www.codeit.kr/topics/getting-started-with-react/lessons/4719
리액트에서 디자인 적용하는 법(CSS/ Create React App),react,
리액트에서 자주 사용하는 반복문과 map()메서드,react,